id,prompt_index,prompt
1000,0,"An elderly man in a worn linen jacket and faded gray cap shuffles slowly into a cobblestone market square at first light. Sparse white hair pokes from beneath the cap and a brown leather satchel hangs across his right shoulder. Around him, vendors unfurl canvas awnings over wooden stalls and the first crates of produce are wheeled into place. Pale dawn light slants between brick buildings and casts long shadows over the wet cobblestones. His expression is soft and patient as he surveys the waking market. Medium tracking shot following him from a respectful distance."
1000,1,"The elderly man in the worn linen jacket and faded gray cap continues his unhurried stroll, drifting past a stall of stacked oranges and ruby tomatoes. He pauses to nod at the rosy-cheeked vendor, who returns the gesture without breaking from her arranging. The brown leather satchel sways gently against his hip as he resumes walking. More shoppers trickle in around him but the morning hush still holds. The cobblestones glisten under the strengthening dawn light. Medium tracking shot following him from a respectful distance."
1000,2,"The elderly man in the worn linen jacket and faded gray cap stops in front of a bakery stall where loaves of country bread cool on a flour-dusted board. A young baker in a white apron lifts a fresh loaf for him to inspect and he leans in to inhale the yeasty steam. The brown leather satchel tilts forward as his shoulders bend. The morning light has warmed to soft gold, catching the curls of crust on the bread. Medium tracking shot following him from a respectful distance."
1000,3,The elderly man in the worn linen jacket and faded gray cap drifts onward past a street violinist tuning up beneath a striped awning. He slows almost to a stop as the first thin notes rise into the cobblestone air. The brown leather satchel rests against his hip while his free hand taps lightly along his thigh in time with the melody. Other shoppers stream past in soft focus on either side of him. Medium tracking shot following him from a respectful distance.
1000,4,"The elderly man in the worn linen jacket and faded gray cap turns from the violinist into a narrow alley branching off the market. Vines and laundry lines crisscross above his head, dappling the path in shifting shadow. He moves at the same unhurried pace, the brown leather satchel brushing the brick of one wall as the passage tightens. A tabby cat watches him from a doorway and blinks slowly as he passes. Medium tracking shot following him from a respectful distance."
1000,5,"The elderly man in the worn linen jacket and faded gray cap emerges from the alley into a sun-flooded plaza ringed by stone benches. The morning has fully arrived and clear yellow light pours across the open square. He pauses at the edge of the plaza, the brown leather satchel settling against him, and surveys the space with the same patient gaze that opened his walk. The cobblestones underfoot are dry now and faintly warm. Medium tracking shot pulling back gently to take in the open square."
1001,0,"A young street photographer in a cherry-red knit beanie and oversized army-green jacket steps off a sidewalk into the neon glow of a Shibuya backstreet at dusk. A black film camera hangs at his chest on a braided strap, and a battered canvas tote slouches over his left shoulder. Vertical signs in pink and electric blue flicker overhead and steam curls from a ramen shop vent beside him. He scans the alley with a small, focused smile, raising the camera halfway. Medium tracking shot following him at hip height."
1001,1,"The young photographer in the cherry-red beanie and army-green jacket pads slowly past a pachinko parlor whose open doorway spills out chime noise and amber light. He pauses to frame a shot of three salarymen smoking under a sign shaped like a leaping carp. The black film camera presses to his eye, and the canvas tote bumps softly against his hip. Reflected neon stripes ripple across the wet asphalt under his sneakers. Medium tracking shot following him at hip height."
1001,2,"The young photographer in the cherry-red beanie and army-green jacket reaches the edge of the famous pedestrian scramble as the signal turns green. He steps off the curb into a wave of commuters, the black film camera lifted to capture the converging crowd. His canvas tote sways with the rhythm of his stride, and his beanie is just visible above a sea of darker heads. Towering screens overhead flash silent ads against the violet sky. Medium tracking shot following him at hip height."
1001,3,The young photographer in the cherry-red beanie and army-green jacket ducks into a slim ramen alley lit by paper lanterns strung overhead. Cooks behind sliding windows ladle broth into wooden bowls while smoke and chatter drift between low eaves. He lowers the black film camera to chest level and traces a finger along its focus ring as he walks. The canvas tote brushes against a hanging fabric curtain at the alley's mouth. Medium tracking shot following him at hip height.
1001,4,"The young photographer in the cherry-red beanie and army-green jacket emerges past a row of crane-game arcades, their glass cases packed with plush toys and glowing in candy colors. He raises the black film camera to shoot a girl in a school uniform pressing both palms against a window. The canvas tote rests against his hip and his expression is gentle, almost amused. Music leaks through the arcade doors behind him in muffled, layered loops. Medium tracking shot following him at hip height."
1001,5,"The young photographer in the cherry-red beanie and army-green jacket climbs the metal stairs onto an overpass that crosses the main avenue. Reaching the middle, he leans against the railing and aims the black film camera down at the rivers of headlights below. The canvas tote settles across his back, and the cool night wind nudges loose strands of hair from beneath his beanie. The city's neon sprawl unfolds beyond him, deep blue at the horizon. Medium tracking shot pulling back gently to include the railing and the city beyond."
1002,0,"A businesswoman in a tan trench coat and pressed navy slacks strides into a glass-canyon financial district at midday. She carries a slate-gray leather portfolio under her right arm and her dark hair is pulled into a low, neat bun. Sunlight glints off the mirrored facades of office towers stacked tightly along the avenue. Suited workers stream past her in both directions but she holds a steady, purposeful pace. Her expression is composed and slightly preoccupied. Medium tracking shot moving alongside her at shoulder height."
1002,1,"The businesswoman in the tan trench coat and navy slacks slips between two parked delivery vans and rejoins the sidewalk near a corner newsstand. She slows just enough to glance at a stack of newspapers without breaking stride, the slate-gray portfolio firm against her ribs. Her low bun stays perfectly in place as a breeze tugs at the open hem of her trench coat. A taxi horn blares somewhere out of frame. Medium tracking shot moving alongside her at shoulder height."
1002,2,"The businesswoman in the tan trench coat and navy slacks rounds a corner past a tall revolving door spinning slowly with the foot traffic of a glass-fronted bank. She gives the door a glancing look but does not enter, continuing along the polished black granite of the building's base. The slate-gray portfolio shifts higher under her arm as she sidesteps a man carrying coffee. The low bun catches a brief flash of reflected light. Medium tracking shot moving alongside her at shoulder height."
1002,3,"The businesswoman in the tan trench coat and navy slacks crosses a small open plaza where a low circular fountain pulses water into the air. She skirts the edge of the fountain pool, the slate-gray portfolio clamped tightly under her arm to keep it dry. Spray catches the sun in a fine mist and a few drops dot the front of her coat. Her composed expression does not change. Medium tracking shot moving alongside her at shoulder height."
1002,4,"The businesswoman in the tan trench coat and navy slacks reaches a subway entrance set into the corner of a granite tower. She hesitates at the top of the stairs, glancing down into the warm-lit tunnel of commuters, then chooses to keep walking past it. The slate-gray portfolio rocks back against her side as she resumes her stride. Her low bun stays sleek as she rejoins the steady current of suits and dresses on the sidewalk. Medium tracking shot moving alongside her at shoulder height."
1002,5,"The businesswoman in the tan trench coat and navy slacks emerges onto a new block where the canyon opens into a wider boulevard lined with leafy ginkgo trees. She slows for the first time, lifting her face slightly to the dappled sun filtering through the branches. The slate-gray portfolio comes to rest against her thigh as she stops at a crosswalk. A faint, private smile finally touches her mouth. Medium tracking shot pulling back gently to include the ginkgo canopy overhead."
1003,0,"A weathered street vendor in a sun-bleached blue djellaba pushes a hand-built wooden cart through the arched gate of a Marrakech medina at midmorning. His skin is deeply tanned and a faded red fez sits crooked on his head, and the cart is piled with woven baskets and brass teapots. Pink stucco walls rise on either side of the narrow lane, and the call to prayer fades into the air ahead of him. He hums to himself as the cart wheels rattle over uneven stone. Medium tracking shot following the cart from behind and to the side."
1003,1,"The vendor in the sun-bleached blue djellaba and red fez maneuvers his wooden cart past a spice stall stacked with cones of saffron, paprika, and cumin in vivid orange and yellow heaps. He nods at a friend behind the counter without slowing, and the cart's brass teapots clink softly as a wheel hits a raised stone. His hand stays firm on the smooth wooden handle and the woven baskets sway gently with each step. Medium tracking shot following the cart from behind and to the side."
1003,2,"The vendor in the sun-bleached blue djellaba and red fez ducks under a low, blue-tiled archway, briefly lifting the front rail of the cart so the basket pile clears the keystone. Cool shadow pools beneath the arch and the temperature drops noticeably on his face. The brass teapots flash for a moment as a shaft of light catches them. He emerges on the other side into a tighter section of the lane. Medium tracking shot following the cart from behind and to the side."
1003,3,"The vendor in the sun-bleached blue djellaba and red fez slows at a small tile fountain set into a corner where children are filling a clay jug. He waits patiently for them to finish, the cart's wheels resting against the gutter. He removes the red fez briefly to wipe his brow, then settles it back into place. The woven baskets cast small geometric shadows along the pink stucco. Medium tracking shot following the cart from behind and to the side."
1003,4,"The vendor in the sun-bleached blue djellaba and red fez pushes the wooden cart through a textile section where bolts of dyed wool in indigo, crimson, and emerald hang from every doorway. The fabrics nearly brush the brass teapots as the cart squeezes through, and the air smells faintly of lanolin. He smiles at a shopkeeper sweeping his threshold and exchanges a brief greeting. Medium tracking shot following the cart from behind and to the side."
1003,5,"The vendor in the sun-bleached blue djellaba and red fez wheels his cart out of the lane and into the open expanse of the main square, where snake charmers and orange-juice carts are already drawing tourists. He angles toward a familiar patch of pavement beside an old fig tree and gently sets the cart's brace down. The woven baskets settle with a soft creak and the brass teapots tip toward each other. He looks out across the square with quiet pride. Medium tracking shot pulling back to take in the wide bustle of the square."
1010,0,"A solo hiker in a forest-green parka and amber-rimmed glasses steps off a packed dirt trail into a misty pine forest at early morning. She wears a heavy gray wool hat and a small khaki daypack with a rolled foam mat strapped on top. Tall lodgepole pines disappear upward into a low, drifting fog and ferns crowd the trail edges. Cold breath plumes from her mouth as she pauses to read a small wooden sign nailed to a trunk. Medium wide tracking shot at chest height following her among the trees."
1010,1,"The hiker in the forest-green parka and amber-rimmed glasses pushes onward as the trail descends into a hollow carpeted in soft brown needles. She steps carefully over a thick mossy root, the gray wool hat brushing under a low branch as she ducks. Mist trails behind her boots and the khaki daypack rises and falls with her breath. The forest is hushed except for the distant tap of a woodpecker. Medium wide tracking shot at chest height following her among the trees."
1010,2,"The hiker in the forest-green parka and amber-rimmed glasses comes upon a small clearing where a fallen log lies green with lichen and small white mushrooms. She climbs over the log, balancing for a moment with one hand on the bark, then drops down on the other side. The gray wool hat slips slightly and she nudges it back into place. The khaki daypack thumps gently as she lands. Medium wide tracking shot at chest height following her among the trees."
1010,3,"The hiker in the forest-green parka and amber-rimmed glasses follows a thin stream that snakes between mossy stones in a sun-dappled glade. She stops to crouch at its edge, the rolled foam mat on her daypack catching a stray sunbeam. She cups a hand into the water, looks at it for a moment, then lets it drip back. The gray wool hat falls forward and she pushes it up with her wrist. Medium wide tracking shot at chest height following her among the trees."
1010,4,"The hiker in the forest-green parka and amber-rimmed glasses climbs a series of stone steps cut into a hillside slick with damp moss. Ferns brush her sleeves on either side and the gray wool hat catches a hanging strand of spider silk. She uses both hands occasionally for balance, the khaki daypack pulling slightly as the grade steepens. Sun is beginning to break through the fog overhead. Medium wide tracking shot at chest height following her among the trees."
1010,5,"The hiker in the forest-green parka and amber-rimmed glasses crests the hillside into a small ridgetop opening where the fog has parted to reveal a sea of pine tops below. She steps to a flat boulder at the edge and stands quietly, the khaki daypack settling against her back. The gray wool hat shifts in a gust of cooler wind and she smiles broadly for the first time. Sun warms the lenses of her amber-rimmed glasses. Medium wide tracking shot pulling back to include the wide forest view beyond her."
1011,0,A lean Bedouin in a deep indigo robe and white headscarf walks slowly across a rust-colored dune field under a hard blue afternoon sky. A leather water skin hangs at his hip and a curved walking staff steadies each step into the soft sand. The wind sculpts low ripples across the dune surface and a faint trail of his footprints stretches behind him. His weathered face stays half-turned against the glare. Wide tracking shot keeping low and following him across the sand.
1011,1,"The Bedouin in the indigo robe and white headscarf crests a high dune ridge, where the sand falls away steeply on the far side into a shadowed bowl. He pauses at the top, the leather water skin swinging forward, and plants his curved walking staff to brace his weight. The headscarf flutters around his face in a sharper gust of wind. His footprints curl back behind him in a long, narrow line. Wide tracking shot keeping low and following him across the sand."
1011,2,"The Bedouin in the indigo robe and white headscarf side-steps down the steep face of the dune, raising small avalanches of red grain under each footfall. The leather water skin sways heavily against his thigh and he uses the curved walking staff as a brake on the slope. The headscarf pulls tight against the breeze. Wide tracking shot keeping low and following him across the sand."
1011,3,"The Bedouin in the indigo robe and white headscarf reaches the trough between dunes, where wind has scoured the sand into long, dark furrows. He kneels briefly to study a curl of dry grass embedded in the dune wall, the leather water skin resting in his lap. The curved walking staff lies across his knees as he tilts his head, listening to the desert. Wide tracking shot keeping low and following him across the sand."
1011,4,The Bedouin in the indigo robe and white headscarf rises and continues across the trough toward the next ridge of dunes. The leather water skin bumps against his hip with each long stride and the curved walking staff prints small round holes in the sand. The headscarf billows out behind his shoulder in a sudden gust. His shadow stretches long and angular ahead of him. Wide tracking shot keeping low and following him across the sand.
1011,5,"The Bedouin in the indigo robe and white headscarf climbs the final dune as the sun begins its long descent, dropping his shadow far behind him onto the cooling sand. At the summit he stops, plants the curved walking staff, and lets the leather water skin settle against his side. The dune field unfurls in glowing tangerine waves to the horizon. He looks outward without expression, simply present. Wide tracking shot pulling back to include the wide dune horizon."
1012,0,"A young botanist in a cream linen shirt and rolled-cuff khaki trousers steps into a high alpine meadow at midmorning, a battered brass plant press tucked under one arm. Her chestnut hair is pinned back loosely and a small canvas field bag rides at her hip. Around her, the meadow blazes with purple lupine and yellow arnica, and snow-streaked peaks rise sharply at the horizon. She moves with slow, careful steps so as not to trample any blossoms. Medium tracking shot keeping with her among the flowers."
1012,1,"The botanist in the cream linen shirt and khaki trousers crouches beside a cluster of bright blue gentian, lowering the brass plant press to the grass with care. She runs a finger along a single petal, then carefully separates one flower for pressing. Her chestnut hair falls forward and she tucks it behind one ear. The canvas field bag rests against her thigh as she works. Medium tracking shot keeping with her among the flowers."
1012,2,"The botanist in the cream linen shirt and khaki trousers rises and continues across the meadow toward a small stream cutting through it in a silver line. She steps gingerly over a hummock of tiny white flowers, the brass plant press tucked back under her arm. The canvas field bag swings lightly as she crosses. The wind carries a faint scent of pine and crushed grass. Medium tracking shot keeping with her among the flowers."
1012,3,"The botanist in the cream linen shirt and khaki trousers stops at the stream's edge, kneels, and dips her fingers briefly into the cold water. She lifts a flat, smooth stone from the bed, examines it against the light, then sets it back gently. The brass plant press rests in the grass beside her knee. The canvas field bag has come slightly askew on her hip. Medium tracking shot keeping with her among the flowers."
1012,4,"The botanist in the cream linen shirt and khaki trousers fords the shallow stream and climbs a low rise on the far side, where a single twisted larch tree stands surrounded by paintbrush flowers. She circles the tree slowly, brass plant press held against her chest, head tilted up to read the contortions of its branches. The canvas field bag settles into a steady rhythm with her steps. Medium tracking shot keeping with her among the flowers."
1012,5,"The botanist in the cream linen shirt and khaki trousers reaches the highest point of the meadow, where the flowers thin out into bare alpine grass and tumbled rock. She sets the brass plant press down on a flat stone, slings the canvas field bag off her shoulder, and stands quietly to take in the sweep of meadow and peaks. Her chestnut hair lifts slightly in a thin, cold breeze. Medium tracking shot pulling back to include the high peaks behind her."
1013,0,A grizzled trapper in a heavy deerskin coat and fur-trimmed brown hood pushes slowly through a snowed-over taiga at dawn. A long wooden snowshoe is strapped to each boot and a coil of braided rope hangs over his right shoulder. Frost coats his beard and the breath from his nose steams in thin plumes. Spruce trees burdened with snow stand close together on either side of his narrow path. Medium tracking shot at hip height following him through the trees.
1013,1,"The trapper in the heavy deerskin coat and fur-trimmed hood pauses to inspect a small set of paw prints crossing his path in the snow. He crouches low, the coil of braided rope swinging forward off his shoulder, and traces the tracks with a gloved finger. The wooden snowshoes hold him steady on the powder. His breath plumes thicker as he leans closer. Medium tracking shot at hip height following him through the trees."
1013,2,"The trapper in the heavy deerskin coat and fur-trimmed hood rises and trudges on through a thicket of low spruce branches that brush snow onto his shoulders. He shoulders the coil of braided rope higher and ducks his head into the fur-trimmed hood for warmth. The wooden snowshoes squeak softly with each long, splayed step. Frost has begun to settle on his eyelashes. Medium tracking shot at hip height following him through the trees."
1013,3,"The trapper in the heavy deerskin coat and fur-trimmed hood breaks out of the thicket into a small clearing where the snow lies deeper and unbroken. He pauses, the wooden snowshoes sinking slightly in the powder, and turns a slow half-circle to scan the treeline. The coil of braided rope settles back across his shoulder. The clearing's silence is total except for the creak of his coat. Medium tracking shot at hip height following him through the trees."
1013,4,"The trapper in the heavy deerskin coat and fur-trimmed hood pushes across the clearing toward a fallen birch lying across his path. He plants the heel of one wooden snowshoe on the trunk, steadies himself with a gloved hand, and steps over with practiced ease. The coil of braided rope clatters softly against his back as he lands. His breath rises in a long plume. Medium tracking shot at hip height following him through the trees."
1013,5,"The trapper in the heavy deerskin coat and fur-trimmed hood emerges onto a frozen lake's edge where the trees fall back and the world opens into pale, flat distance. He stops at the shoreline and stands quietly, the coil of braided rope settling against his side. The wooden snowshoes leave their last imprint at the lake's rim. Pale gold dawn light spreads across the ice ahead of him. Medium tracking shot pulling back to include the lake stretching out beyond him."
1020,0,"A snorkeler in a turquoise long-sleeved rashguard and black mask glides slowly above a shallow coral reef in clear tropical water. A pair of dive fins on her feet beat lazily and a small mesh dive bag trails from a clip at her hip. The reef below blooms in pink, yellow, and lavender corals and small reef fish dart between fans. Sunlight ripples in moving bars across her arms. The water above her is glass-clear to the surface. Medium underwater tracking shot just behind and below her."
1020,1,"The snorkeler in the turquoise rashguard glides over a brain-coral mound where a green moray eel rests with only its head visible. She slows her fin kicks, the mesh dive bag drifting forward beside her hip, and tilts her body to keep a respectful distance. The black mask glints as she turns her head. Tiny silvery fish stream past her shoulders in a coordinated arc. Medium underwater tracking shot just behind and below her."
1020,2,"The snorkeler in the turquoise rashguard reaches the edge of the reef where the sand floor drops gently into deeper blue. She hangs in the water there with her dive fins barely moving, the mesh dive bag swaying with the soft current. The black mask reflects the deep cobalt of the open water ahead. A solitary sea turtle paddles past at the edge of visibility. Medium underwater tracking shot just behind and below her."
1020,3,"The snorkeler in the turquoise rashguard turns back along the reef, kicking softly to ride a gentle current parallel to the coral wall. The mesh dive bag clinks faintly as it bumps the clip at her hip. A school of bright yellow tangs parts around her shoulders and reforms behind her in a continuous, glittering river. Light fractures in dancing webs across the sandy floor. Medium underwater tracking shot just behind and below her."
1020,4,"The snorkeler in the turquoise rashguard slows beside a tall coral pillar where a clown anemonefish flits in and out of its host anemone. She raises one hand slowly, palm open, but does not touch. The mesh dive bag floats outward as her body tilts. Her dive fins make slow, controlled scissoring motions to hold her place. Medium underwater tracking shot just behind and below her."
1020,5,"The snorkeler in the turquoise rashguard rises toward the surface, her dive fins lifting in long, slow strokes as the water around her brightens. The mesh dive bag swings beneath her and her black mask catches the silver shimmer of the surface just above her head. A halo of bubbles trails from her snorkel. She breaks through into the sun and the reef shrinks below her into a colored mosaic. Medium underwater tracking shot pulling back to include the sun-rippled surface above her."
1021,0,A balloon pilot in a brown tweed jacket and leather flight cap stands in the wicker basket of a striped red-and-white hot-air balloon as it drifts over a sweeping desert canyon at sunrise. A pair of round brass goggles sits pushed up on his forehead and a worn leather logbook is wedged between two ropes at his side. The propane burner above him hisses softly as he adjusts a valve. The canyon walls glow orange below. Wide tracking shot circling around the basket at its altitude.
1021,1,The balloon pilot in the tweed jacket and leather flight cap leans gently over the basket's edge to look down at a herd of wild mustangs trotting along the canyon floor. The leather logbook stays wedged at his side and the round brass goggles glint as he tilts his head. The basket creaks softly under his shift in weight. The canyon's red strata slide slowly beneath him. Wide tracking shot circling around the basket at its altitude.
1021,2,"The balloon pilot in the tweed jacket and leather flight cap turns to crank a small valve on the burner, sending a longer plume of orange flame upward. The leather logbook rocks against the rope and the round brass goggles catch a flash of the firelight. The balloon noses slightly upward as he resumes his lookout posture. The canyon's far rim glows a deeper crimson. Wide tracking shot circling around the basket at its altitude."
1021,3,The balloon pilot in the tweed jacket and leather flight cap drifts now over a side branch of the canyon where a thin river ribbons through the floor. He lowers the round brass goggles over his eyes for a clearer look and pulls the leather logbook out to mark the time and altitude in pencil. The basket sways with a gentle thermal current. Wide tracking shot circling around the basket at its altitude.
1021,4,The balloon pilot in the tweed jacket and leather flight cap reaches into a small woven hamper at his feet and lifts out a slice of bread and a tin cup. The leather logbook is tucked back among the ropes and the round brass goggles rest on his forehead again. He chews slowly while watching a high condor circle in the distance. The balloon drifts past a tall pillar of red rock. Wide tracking shot circling around the basket at its altitude.
1021,5,"The balloon pilot in the tweed jacket and leather flight cap rises out of the canyon and into open sky as the sun lifts fully above the eastern rim. The leather logbook flaps once against the rope and the round brass goggles glow gold in the new light. He lowers the burner to a soft hush and stands quietly, both hands resting on the basket's rim. The desert unfurls in shades of rose and gold below him. Wide tracking shot pulling back to include the full balloon and the open sky."
1022,0,"A scuba diver in a bright canary-yellow drysuit and matte-black hood drifts slowly into a towering underwater kelp forest off a temperate coast. A silver dive light hangs from a coil at her chest and a small camera in an aluminum housing rides at her hip. Long ribbons of kelp sway around her in slow vertical columns, filtering the daylight into greenish shafts. Tiny fish hover among the fronds. Medium tracking shot weaving between kelp stalks beside her."
1022,1,"The diver in the canary-yellow drysuit drifts past a granite boulder furred with red algae, the silver dive light casting a moving cone across its surface. She rotates her body slowly to follow a sea otter that twists by in a brown blur overhead. The aluminum camera housing swings gently from her hip. The kelp fronds part and close around her shoulders. Medium tracking shot weaving between kelp stalks beside her."
1022,2,"The diver in the canary-yellow drysuit enters a denser thicket of kelp where the light dims and the columns press close together. She lifts the silver dive light and pans its beam across a cluster of orange sea stars clinging to a rock face. The aluminum camera housing rises in her other hand as she frames a shot. Bubbles from her regulator trace a long, slow ribbon upward. Medium tracking shot weaving between kelp stalks beside her."
1022,3,"The diver in the canary-yellow drysuit emerges from the thicket into a clearer corridor where a school of silver sardines flashes past in a tight, twisting cloud. She holds still in the water, the silver dive light lowered to her side, and lets the school flow around her. The aluminum camera housing dangles forgotten at her hip for a moment. Her hooded head turns gently with the school. Medium tracking shot weaving between kelp stalks beside her."
1022,4,The diver in the canary-yellow drysuit drifts to the base of a kelp stalk and crouches near the rocky bottom where a small octopus is folded into a crevice. She points the silver dive light away to avoid blinding it and raises the aluminum camera housing slowly. The octopus shifts color from pale to deeper red as it watches her. Sand drifts up in tiny clouds around her flippers. Medium tracking shot weaving between kelp stalks beside her.
1022,5,"The diver in the canary-yellow drysuit rises gently with the kelp toward the bright surface ceiling far above. The silver dive light clicks off and folds against her chest, and the aluminum camera housing settles against her hip. Sunbeams thicken as she ascends, breaking through the canopy of kelp into shafts of gold. Her hooded head tilts back to watch the surface approach. Medium tracking shot pulling back to include the kelp tops and the bright surface above her."
1023,0,"A glider pilot in a white aerodynamic helmet and slim charcoal flight suit banks her long-winged sailplane in a gentle curve along a high mountain ridge. The cockpit canopy is clear plexiglass and a small stuffed fox dangles from the instrument panel by a strap. Her dark visor is flipped up and her hands rest lightly on the stick. Below her, the green flank of the ridge falls steeply into a valley. Medium tracking shot beside and slightly above the cockpit, holding pace with the glider."
1023,1,"The glider pilot in the white helmet and charcoal flight suit catches an updraft along the ridge and angles the sailplane into a tight, steady spiral. The little stuffed fox swings on its strap with the bank. She nudges the stick with two fingers and watches the variometer needle climb. The cockpit canopy reflects a slow turn of mountain peaks. Medium tracking shot beside and slightly above the cockpit, holding pace with the glider."
1023,2,"The glider pilot in the white helmet and charcoal flight suit levels out at the top of the thermal and turns the long-winged sailplane along a saddle between two peaks. She slides her dark visor down for the brighter light beyond the ridge. The little stuffed fox steadies against the panel. A pair of vultures circles below her in lazy arcs. Medium tracking shot beside and slightly above the cockpit, holding pace with the glider."
1023,3,"The glider pilot in the white helmet and charcoal flight suit drops the right wing and slips down across the saddle into a new valley, the long wings flexing slightly with the change in pressure. The little stuffed fox sways forward against its strap. She glances at the altimeter and nudges the stick to flatten her descent. Forested slopes scroll beneath her in a green tide. Medium tracking shot beside and slightly above the cockpit, holding pace with the glider."
1023,4,"The glider pilot in the white helmet and charcoal flight suit angles her sailplane to follow a winding river that cuts the valley floor far below. She flips her dark visor up again as cloud shadows cool the light. The little stuffed fox dangles motionless for a long, smooth stretch of glide. Her shoulders relax against the seat back. Medium tracking shot beside and slightly above the cockpit, holding pace with the glider."
1023,5,"The glider pilot in the white helmet and charcoal flight suit lines up on a long, golden ridge as the afternoon light deepens and the long wings catch the warm color. The little stuffed fox glows briefly in the sun. She rests her gloved hand against the canopy frame and exhales slowly behind her oxygen mask. The ridge unspools into hazy distance ahead of her. Medium tracking shot pulling back to include the full sailplane against the wide sky."
1030,0,"An elderly Korean grandmother in a soft lavender hanbok with a pale yellow jeogori walks slowly along a stone-paved riverside path on an autumn afternoon. Her silver hair is pulled into a low knot pinned with a small jade pin and she carries a folded paper fan in her right hand. Ginkgo leaves drift across the path in a soft yellow rain. She breathes the cool air with a small, contented smile. Medium tracking shot at her shoulder height."
1030,1,"The grandmother in the lavender hanbok pauses at a low stone wall overlooking the river and rests her left hand on its mossy top. She fans herself lightly with the folded paper fan, the jade pin in her hair catching a slant of late sun. A heron stands motionless in the shallows below her. Ginkgo leaves continue to fall in slow loops around her. Medium tracking shot at her shoulder height."
1030,2,The grandmother in the lavender hanbok resumes walking and approaches a small wooden bridge crossing a side channel. She lifts the hem of her hanbok an inch to keep it from the damp boards and steps carefully onto the bridge. The paper fan rests against her hip. Her jade pin glints with each small movement of her head. Medium tracking shot at her shoulder height.
1030,3,"The grandmother in the lavender hanbok stops in the middle of the bridge to watch a paper boat drift beneath her, sent by children playing on the bank. Her smile widens for a moment and she lifts the folded paper fan to wave at them without quite calling out. Ginkgo leaves settle on the bridge's rail beside her hand. The pale yellow jeogori catches the sun like a soft lantern. Medium tracking shot at her shoulder height."
1030,4,"The grandmother in the lavender hanbok steps off the far side of the bridge onto a path lined with maples beginning to turn red at their tips. She walks with the same unhurried pace, the folded paper fan tapping lightly against her thigh. The jade pin shifts faintly with each step. A scent of dry grass and river drifts past her. Medium tracking shot at her shoulder height."
1030,5,"The grandmother in the lavender hanbok arrives at a small pavilion at the path's end, where a long wooden bench faces the river. She lowers herself slowly onto the bench, smoothing the hanbok over her knees, and rests the folded paper fan across her lap. Her silver hair lifts faintly in a soft breeze. The river curls past in slow brown ribbons before her. Medium tracking shot pulling back to include the pavilion and the river beyond."
1031,0,"A young backpacker in a patched mustard canvas pack and faded olive cargo shorts climbs a narrow stone lane into a small Andean village at midmorning. His sun-bleached brown hair is tied at the nape and a red bandana hangs loose around his neck. The lane is steep and uneven, with adobe walls on either side. He breathes hard, smiling, as the village rooftops appear above the walls. Medium tracking shot from slightly above and to the side as he climbs."
1031,1,"The backpacker with the mustard canvas pack and red bandana stops to lean a hand on a low whitewashed wall, catching his breath. A black-and-white dog wanders over and noses his shin, and he scratches its ears with his free hand. His olive shorts are dusty at the cuffs and the bandana drifts down against his collarbone. The lane rises steeply ahead. Medium tracking shot from slightly above and to the side as he climbs."
1031,2,The backpacker with the mustard canvas pack and red bandana resumes climbing and reaches a small square where two women in bright pollera skirts are stacking woven baskets by a stone fountain. He nods in greeting and they nod back without pausing in their work. The canvas pack creaks softly as he adjusts a strap. Sunlight glances off the wet stones around the fountain. Medium tracking shot from slightly above and to the side as he climbs.
1031,3,The backpacker with the mustard canvas pack and red bandana follows a stepped lane up out of the square between two clay-tiled rooftops. He pauses again to look back over the steps at the descending zigzag of walls below. The red bandana flutters slightly as he turns his head. The mustard pack is dusted with fine adobe powder along its bottom edge. Medium tracking shot from slightly above and to the side as he climbs.
1031,4,"The backpacker with the mustard canvas pack and red bandana reaches a small chapel with a faded blue door set into the hillside. He sets a hand on the lintel and peers into the cool dim interior, then steps back without entering. His olive shorts pull tight as he stretches his calf against the chapel step. The bandana flicks back into place against his neck. Medium tracking shot from slightly above and to the side as he climbs."
1031,5,"The backpacker with the mustard canvas pack and red bandana crests the final lane and emerges onto a stone terrace at the village's edge, where the Andes range falls away into deep green and gold valleys. He drops the mustard pack to the terrace floor with a sigh and stretches his shoulders. The bandana is dark with sweat now. He grins at the view and lifts both arms briefly in private celebration. Medium tracking shot pulling back to include the wide valley behind him."
1032,0,A young bride in a long white silk dress with a sheer lace train walks slowly across an empty stone courtyard in the gray pre-dawn light. Her pale blonde hair is pinned up loosely with a single white camellia and she carries a small posy of white anemones in her hands. Mist curls along the courtyard's edges and the air is cool enough that her breath shows faintly. Her bare feet pad softly on the stone. Medium tracking shot at her waist height following her across the courtyard.
1032,1,"The bride in the white silk dress and white camellia pauses at the foot of an old marble fountain where a few water-lilies float in still water. She lowers the small posy of anemones into the water briefly and lifts it, dripping, then sets it down on the rim of the fountain. Her lace train trails behind her in a soft white river. Mist drifts upward from the fountain's basin. Medium tracking shot at her waist height following her across the courtyard."
1032,2,The bride in the white silk dress and white camellia drifts onward and stops beside a long row of clipped boxwoods that line one wall of the courtyard. She runs her fingertips lightly along the boxwood tops. Dew collects on her fingers and she touches them briefly to her cheek. The lace train sweeps a pattern through the dew on the flagstones behind her. Medium tracking shot at her waist height following her across the courtyard.
1032,3,"The bride in the white silk dress and white camellia returns to the fountain, lifts the wet posy of anemones, and walks toward a small wrought-iron gate set into the far wall. She tilts the posy gently to drip water against her bare feet as she goes. The single camellia in her hair holds steady. The gate ahead is closed and tangled with climbing roses. Medium tracking shot at her waist height following her across the courtyard."
1032,4,"The bride in the white silk dress and white camellia reaches the wrought-iron gate and curls her fingers around its cold bars. She rests her forehead briefly against the metal, the small posy of anemones held against her chest. Her breath fogs faintly between the bars. The lace train pools around her bare feet on the stones. Medium tracking shot at her waist height following her across the courtyard."
1032,5,"The bride in the white silk dress and white camellia turns away from the gate and walks back across the courtyard as the first true light of dawn slips over the eastern wall. The mist begins to thin around her and the stones glow pale rose. She lifts the small posy of anemones above her shoulder and smiles for the first time, almost to herself. Her bare feet leave faint damp prints behind her. Medium tracking shot pulling back to include the brightening courtyard around her."
1033,0,A young soldier in a dust-caked olive field uniform and a black helmet shouldered with a rolled gray blanket walks slowly down the main street of an abandoned town at dusk. A canvas rucksack rides high on his back and a small silver dog tag swings loose at his collar. The town's shopfronts have shattered windows and faded signs and a hot wind moves bits of newspaper across the cracked asphalt. His expression is tired and watchful. Medium tracking shot from slightly behind his right shoulder.
1033,1,The soldier in the dust-caked uniform stops in front of a boarded-up storefront where a faded sign for a hardware store still hangs crooked. He rests one gloved hand against the boarded door and the silver dog tag taps softly against the buckles of his rucksack. The rolled gray blanket has slipped slightly and he tugs it back into place. The hot wind ruffles the dust on his shoulders. Medium tracking shot from slightly behind his right shoulder.
1033,2,"The soldier in the dust-caked uniform crosses the street, his boots crunching on broken glass that glitters in the deepening orange light. He keeps the rolled gray blanket steady on his shoulder with one hand and the silver dog tag rocks gently with each step. A torn awning flaps overhead in the wind. He scans windows on the upper floors as he walks. Medium tracking shot from slightly behind his right shoulder."
1033,3,"The soldier in the dust-caked uniform reaches a small dry fountain in a triangular plaza at the heart of the town. He stops at its rim, lowers the canvas rucksack onto the edge, and stands silent for a moment with both hands braced on his knees. The silver dog tag dangles forward over the dry basin. The rolled gray blanket leans against the rucksack. Medium tracking shot from slightly behind his right shoulder."
1033,4,"The soldier in the dust-caked uniform shoulders the canvas rucksack again and resumes walking along the far side of the plaza past a row of overturned café tables. He moves with a slight limp now, favoring his right leg. The rolled gray blanket bobs with each step and the silver dog tag glints in the slanting orange light. A pigeon startles up from a tabletop ahead of him. Medium tracking shot from slightly behind his right shoulder."
1033,5,"The soldier in the dust-caked uniform reaches the end of the main street where the town gives way to dry, open scrub leading into low hills. He stops at the last cracked square of pavement and lowers the rolled gray blanket and rucksack to the ground beside him. The silver dog tag settles against his chest and he tips his black helmet back to look at the deepening sky. The wind has begun to die. Medium tracking shot pulling back to include the open scrubland ahead of him."
1040,0,"A snow leopard with thick silver-gray fur and dark rosette markings walks slowly along a narrow Himalayan ridge in clear morning light. Her smoky-blue eyes are half-lidded against the glare off the snow and her long, banded tail trails behind her like a heavy rope. Patches of bare rock break through the snow at the ridge's edge and a few hardy alpine flowers cling to the cracks. Her broad paws place each step with practiced care. Medium tracking shot from slightly below her at the ridge level."
1040,1,"The snow leopard with the smoky-blue eyes and banded tail pauses where a small frozen rivulet crosses the ridge in a glassy strip. She lowers her head to sniff at the ice and her whiskers fan forward briefly. The long banded tail curls in a low, slow arc behind her. A small puff of breath rises from her nostrils. Medium tracking shot from slightly below her at the ridge level."
1040,2,"The snow leopard with the smoky-blue eyes and banded tail steps off the ridge onto a steep, snow-dusted scree slope. Her broad paws splay slightly with each careful step and the long banded tail counterbalances as she angles downward. Loose pebbles roll a meter or two below her with each footfall. The silver-gray fur on her flanks ripples as her shoulders shift. Medium tracking shot from slightly below her at the ridge level."
1040,3,"The snow leopard with the smoky-blue eyes and banded tail reaches a shelf of pale rock where bones from an old kill have been scattered and bleached by the wind. She circles the shelf once, nose down, the long banded tail flicking with mild interest. Her broad paws print soft round marks in the thin snow over the rock. She lifts her head and scans the slopes below. Medium tracking shot from slightly below her at the ridge level."
1040,4,The snow leopard with the smoky-blue eyes and banded tail moves down off the rock shelf into a stand of stunted juniper that has rooted in a hollow beneath the ridge. Her silver-gray fur catches on a low branch and she pauses to pull herself free. The long banded tail flicks sharply once. She lifts a paw to lick a small patch of ice from between her pads. Medium tracking shot from slightly below her at the ridge level.
1040,5,"The snow leopard with the smoky-blue eyes and banded tail emerges from the juniper onto a high meadow where the snow has melted into patchy brown grass. She stops at the meadow's edge and crouches low, the long banded tail laid flat behind her in the grass. Her smoky-blue eyes fix on something far below her, unseen in the valley haze. Her silver-gray flanks rise and fall with slow, steady breath. Medium tracking shot pulling back to include the wide valley dropping away below her."
1041,0,"A young red fox kit with a cream-colored chest patch and black-tipped tail trots into a maple grove blazing red and orange at peak autumn. His small ears stand alert and his amber eyes are bright with curiosity. Fallen leaves carpet the forest floor in deep, soft drifts that part around his paws. A slanting afternoon sun cuts through the canopy in warm bars. He pauses to sniff a leaf clinging to a low fern. Medium tracking shot at his eye level following him through the leaves."
1041,1,"The red fox kit with the cream chest patch pounces on a curled leaf that the wind has lifted suddenly into the air. He bats it down with both front paws, the black tip of his tail flicking high. He bites the leaf, drops it, and looks up sharply as if surprised it did not run. The maples around him whisper in a fresh gust. Medium tracking shot at his eye level following him through the leaves."
1041,2,"The red fox kit with the cream chest patch trots onward and reaches a fallen log slick with moss and a thin ribbon of mushrooms along its top. He hops up onto the log, the black tip of his tail balancing his small body, and walks the length of it with delicate steps. His amber eyes scan the underbrush below. Medium tracking shot at his eye level following him through the leaves."
1041,3,"The red fox kit with the cream chest patch jumps down from the log and noses into a thicket of fern, where a startled chipmunk darts away. He gives chase for three quick bounds, the black tip of his tail streaming behind him, then loses the trail and stops. He sits abruptly to scratch at one ear with a hind paw. Medium tracking shot at his eye level following him through the leaves."
1041,4,"The red fox kit with the cream chest patch resumes wandering and reaches a tiny stream where leaves have collected into a small red-and-gold raft. He paws at the leaves curiously, the cream patch on his chest catching the slanting sun. He laps a little water and shakes his head, then sneezes once at the cold. The black tip of his tail flicks. Medium tracking shot at his eye level following him through the leaves."
1041,5,"The red fox kit with the cream chest patch climbs the far bank of the stream and emerges onto a small open glade carpeted in fallen maple leaves. He stops in the middle of the glade and sits, then lies down with his black-tipped tail curled around his paws. The slanting sun lights his cream chest patch like a small lantern. He blinks once, contented, and watches the leaves drift down. Medium tracking shot pulling back to include the leaf-strewn glade around him."
1042,0,"A massive bull elephant with a chipped left tusk and a long, deep scar across his right shoulder walks slowly across an African savannah in the warm, low light of late afternoon. His thick gray hide is dusted with reddish earth and his small dark eyes are calm. Tall golden grass parts around his legs as he moves and a small flock of egrets flits along beside him. The horizon stretches flat and amber. Wide tracking shot at his shoulder height keeping pace with his stride."
1042,1,The bull elephant with the chipped left tusk pauses beside a stand of acacia and lifts his trunk to pluck a small green pod from a high branch. The shoulder scar pulls slightly as he stretches and his ears flap once in slow rhythm. He chews the pod with deliberate movements while the egrets settle in the grass at his feet. Wide tracking shot at his shoulder height keeping pace with his stride.
1042,2,The bull elephant with the chipped left tusk resumes walking and follows a path of trampled grass that the herd's earlier passage has left behind. His broad feet sink slightly into the dry earth with each step and a fine plume of dust rises behind him. The chipped tusk gleams pale ivory against the warm light. The egrets lift and resettle as he moves. Wide tracking shot at his shoulder height keeping pace with his stride.
1042,3,"The bull elephant with the chipped left tusk reaches a shallow water hole rimmed with mud and stops at its edge. He lowers his head and dips his trunk into the water, then curls it up to spray a long arc across his back. The shoulder scar darkens with the wet sheen. The water clouds around his legs as he steps in deeper. Wide tracking shot at his shoulder height keeping pace with his stride."
1042,4,"The bull elephant with the chipped left tusk wades out the far side of the water hole and back into the dry grass, water still streaming from his ears and trunk. He rumbles low in his chest, the sound vibrating outward through the air. The shoulder scar steams faintly as the sun catches the wet hide. A jackal trots away at the edge of his vision. Wide tracking shot at his shoulder height keeping pace with his stride."
1042,5,"The bull elephant with the chipped left tusk crests a low rise as the sun begins to drop and turns the savannah into bands of fire and gold. He stops at the rise's top, lifts his trunk slowly into the breeze, and breathes deeply. The chipped tusk and the deep shoulder scar both shine in the warm light. His ears flap once in slow, final rhythm. Wide tracking shot pulling back to include the vast savannah glowing behind him."
1043,0,A sleek river otter with dark chestnut fur and charcoal whiskers swims along the surface of a winding creek at dawn. His paws paddle smoothly and a thin V-shaped wake unfurls behind him. The creek banks are lined with green ferns and trailing willow branches that drag fingers across the water. Mist rises in soft tendrils from the surface. His dark eyes scan the bank and his small round ears flick at every birdcall. Medium tracking shot just above the water beside him.
1043,1,"The otter with the charcoal whiskers ducks suddenly underwater and reappears a meter ahead with a small silver fish twisting between his teeth. He rolls onto his back and gnaws the fish on his chest, paws cradled around it neatly. The dark chestnut fur on his belly catches the first pink of dawn. His tail steers gently to keep him drifting downstream. Medium tracking shot just above the water beside him."
1043,2,"The otter with the charcoal whiskers finishes the fish, dives, and emerges scrambling up onto a flat mossy rock that splits the creek in two. He shakes water from his dark chestnut coat in a brief halo of droplets and pauses on the rock to groom one paw with quick licks. His charcoal whiskers bristle as he glances upstream. Medium tracking shot just above the water beside him."
1043,3,"The otter with the charcoal whiskers slides off the rock and swims under a low wooden footbridge that arches over the creek. The shadow of the bridge passes briefly across his sleek back and the dark chestnut fur darkens to near-black in the gloom. His paws paddle in steady, easy strokes. He looks up curiously as the bridge passes overhead. Medium tracking shot just above the water beside him."
1043,4,"The otter with the charcoal whiskers emerges from the bridge's shadow into a wide, sunny pool where the creek slows and circles around a fallen tree. He chases a leaf in two lazy loops, the charcoal whiskers fanned forward, then dives to investigate a flash of color near the streambed. Bubbles trail him as he goes under. Medium tracking shot just above the water beside him."
1043,5,"The otter with the charcoal whiskers climbs onto a long, sandy bank where his family is already lounging in the new sun. He shakes off once more and trots up the sand to drop heavily beside another otter. His dark chestnut fur sticks up in damp tufts and his charcoal whiskers twitch as he yawns widely. The creek slips on past the bank in the brightening morning. Medium tracking shot pulling back to include the sandbank and the wider creek behind him."
1050,0,"A small origami crane folded from cobalt-blue paper with a thin gold trim along its wings lifts off a wooden dock and drifts out over a busy harbor at midday. A slight breeze catches under its wings and carries it forward in a slow, tilting glide. Below the crane, fishing boats and sailing yachts bob at their moorings and seagulls wheel in low circles. Sunlight catches the gold trim in a faint flash. Tracking shot circling slowly around the crane at its altitude."
1050,1,The cobalt-blue origami crane with the gold-trimmed wings drifts past the tall white mast of a moored sailing yacht. A loose halyard slaps gently against the mast just behind the crane as it passes. Its sharp paper beak tilts forward into the breeze. The reflection of the crane skims briefly along the polished hull below. Tracking shot circling slowly around the crane at its altitude.
1050,2,"The cobalt-blue origami crane with the gold-trimmed wings catches an updraft along the stone harbor wall and lifts higher, the gold trim winking as it rises. A child on the wall points at it and tugs his mother's sleeve. The paper crane's tail dips and rights itself as the gust softens. The harbor spreads wider beneath it. Tracking shot circling slowly around the crane at its altitude."
1050,3,"The cobalt-blue origami crane with the gold-trimmed wings drifts over the open water of the harbor's mouth, where small whitecaps texture the dark blue surface. A black-headed gull veers near it for a moment, eyeing it, then peels away. The cobalt-blue paper edges quiver in the stronger breeze. The gold trim flashes once with each tilt. Tracking shot circling slowly around the crane at its altitude."
1050,4,The cobalt-blue origami crane with the gold-trimmed wings clears the harbor and floats over the bright deck of a slow-moving ferry chugging out to sea. Passengers along the rail watch it pass and a teenager raises a phone to film it. The paper crane's gold trim glints off the ferry's white paint. Its silhouette skates along the deckboards as a small shadow. Tracking shot circling slowly around the crane at its altitude.
1050,5,"The cobalt-blue origami crane with the gold-trimmed wings glides at last past the last red harbor buoy and out into the open sea, where the breeze grows cleaner and steadier. Its wings settle into a long, level cruise above the swells. The gold trim catches the sun in a final long flash and the paper crane keeps its tail high. The horizon ahead is open and pale. Tracking shot pulling back to include the wide open sea around the small drifting crane."
1051,0,"A bright cherry-red helium balloon with a long golden ribbon tied to its knot lifts past the gutter of a tile rooftop at sunrise. A thin pink dawn light catches its curved surface and the golden ribbon trails downward in a slow, twisting arc. Below the balloon, rows of clay-tiled roofs stretch into the misty distance. A morning chimney smokes faintly nearby. Tracking shot just behind and above the balloon as it drifts."
1051,1,"The cherry-red balloon with the golden ribbon glides along the eaves of an old apartment building, the ribbon brushing once against a metal antenna mounted on the parapet. The balloon's surface mirrors the dawn pink in a long curved highlight. The ribbon's golden tail spirals slowly as the wind shifts. A black-and-white cat watches from a windowsill. Tracking shot just behind and above the balloon as it drifts."
1051,2,The cherry-red balloon with the golden ribbon lifts higher with a small thermal rising from a warming roof tile. The golden ribbon stretches taut for a moment then loosens again as the balloon levels off. Its cherry-red surface picks up a fleck of reflected window light from below. The rooftops of the old quarter spread in widening tile patterns. Tracking shot just behind and above the balloon as it drifts.
1051,3,The cherry-red balloon with the golden ribbon passes over a small rooftop garden where a woman is hanging laundry between two poles. She looks up briefly as the shadow of the balloon crosses a white sheet she is pinning. The ribbon flickers as a sudden breeze pushes the balloon forward. Its cherry-red color glows brighter against the wider sky. Tracking shot just behind and above the balloon as it drifts.
1051,4,"The cherry-red balloon with the golden ribbon clears the last of the apartment blocks and drifts over a broad church dome topped with a copper cross. The ribbon trails behind it in a long, lazy curve. The dome reflects the dawn in a band of warm bronze beneath the balloon. The morning's first bells begin to chime out across the rooftops. Tracking shot just behind and above the balloon as it drifts."
1051,5,"The cherry-red balloon with the golden ribbon rises into clearer sky as the rooftops fall behind and below it. The sun, fully risen now, ignites the cherry-red surface into a small bright pinpoint of color. The golden ribbon catches the same warm light along its length. The balloon settles into a steady drift on a high, clean breeze. Tracking shot pulling back to include the wide morning sky around the small balloon."
1052,0,"A yellow paper lantern with a single bold red kanji painted across one panel floats slowly along a dark, mirror-still river at night. A small candle inside it glows warmly through the paper and casts a circle of soft yellow light onto the water around it. The river's surface reflects the lantern in a wobbling twin. Distant temple lights twinkle along the far bank. Tracking shot just above the water beside the lantern."
1052,1,The yellow paper lantern with the red kanji drifts past a fall of cherry petals dropping from an overhanging branch onto the river's surface. Several petals land on the lantern's roof and slide down its yellow paper sides. The candle inside flickers briefly as a petal touches the wick's air. The reflection in the river ripples. Tracking shot just above the water beside the lantern.
1052,2,The yellow paper lantern with the red kanji turns slowly with the current toward the center of the river. The bold red kanji rotates into view and then away again as the lantern spins. The candle inside steadies and the yellow light brightens. Small fish flit beneath the lantern's circle of glow. Tracking shot just above the water beside the lantern.
1052,3,"The yellow paper lantern with the red kanji drifts beneath the arch of an old wooden footbridge. The candle's light catches briefly on the bridge's underside, illuminating carved wooden joinery. The bold red kanji is fully in shadow as the lantern passes beneath the bridge. On the other side, the river opens again into open dark. Tracking shot just above the water beside the lantern."
1052,4,"The yellow paper lantern with the red kanji floats past a stand of bamboo where fireflies wink among the stalks. The candle flame inside steadies into a long, slow burn. The bold red kanji glows warmly against the dark water. The fireflies and the lantern blink together for a moment in answering rhythm. Tracking shot just above the water beside the lantern."
1052,5,"The yellow paper lantern with the red kanji drifts at last into a wider stretch where the river slows almost to stillness. The candle's circle of yellow light spreads broader across the calm water. Other paper lanterns, sent earlier, drift in a loose constellation around it. The bold red kanji faces upward at the dark sky. Tracking shot pulling back to include the cluster of distant lanterns and the wide river."
1053,0,"A single oak leaf with a deep russet center and silvery frost crystals tracing its edges tumbles down a narrow stone lane on a sharp winter morning. The wind catches it in short, abrupt gusts and lifts it briefly into the air before letting it spin again to the cobblestones. The lane is empty and the shopfronts are still shuttered. Sun glints sharply off the frosted edges. Tracking shot at the leaf's level, low to the ground."
1053,1,"The russet-and-frost oak leaf flips end over end past the iron foot of a lamp post and skitters along the gutter. The frost crystals along its edges catch the sun in tiny prisms with each turn. The russet center holds its deep color against the cold gray stone. The wind pushes it briefly against the lamp post's base before lifting it free. Tracking shot at the leaf's level, low to the ground."
1053,2,"The russet-and-frost oak leaf is lifted higher by a fresh gust and pinwheels around a corner into a smaller side lane. The frosted edges glint as it spins. The russet center darkens for a moment in shadow before the leaf clears the corner. Old bicycle racks line the lane on the far side. Tracking shot at the leaf's level, low to the ground."
1053,3,"The russet-and-frost oak leaf settles briefly on a patch of cobblestone where the sun has melted the frost into damp, dark stone. The frost crystals along its edges glow brighter against the wet darkness beneath. The russet center is fully lit by the slanting sun. A wind nudges the leaf once before lifting it again. Tracking shot at the leaf's level, low to the ground."
1053,4,"The russet-and-frost oak leaf is carried over the wrought-iron grate of a small drain and shudders against its bars before tumbling free. One of the frosted edges chips slightly against the iron. The russet center spins past in a brief blur. The leaf rises again, lighter for the lost chip. Tracking shot at the leaf's level, low to the ground."
1053,5,The russet-and-frost oak leaf finally drifts into a tiny tree-bordered square where a stone bench faces a frozen fountain. It settles slowly onto the wooden slats of the bench. The frost crystals along its edges are softening now in the climbing sun. The russet center glows quietly against the dark wood. The square is still empty and very quiet. Tracking shot pulling back to include the bench and the still square around it.
1060,0,"First-person view from someone walking slowly into a narrow Tokyo neon alley at night. The viewer's pale hands occasionally enter the bottom of the frame, fingers curled loosely as they swing with the stride. Walls of vertical signs in pink, electric blue, and acid green crowd inward overhead. The wet asphalt reflects every color in long smeared streaks. The viewer's breath fogs briefly at the bottom of the frame in the cold air. Steady first-person walking shot with a gentle natural sway."
1060,1,"The first-person viewer continues walking down the neon alley and lifts a pale hand into the frame to push aside a hanging fabric noren curtain at the doorway of a small bar. The cloth brushes briefly past the lens. The viewer's hand drops back down out of frame. Inside the doorway, warm orange light cuts against the blue-pink street. Steady first-person walking shot with a gentle natural sway."
1060,2,The first-person viewer turns left at a small intersection where steam rises from a metal grate in the road. The viewer's footsteps splash through a thin film of water. Two pale hands enter the bottom of the frame briefly to pull a jacket zipper higher under the chin. A taxi crosses the far end of the alley in a streak of yellow. Steady first-person walking shot with a gentle natural sway.
1060,3,"The first-person viewer pauses in front of a vending machine glowing along the wall, its rows of bright cans lit in cold white. A pale hand enters the frame and presses a button; a can drops with a soft clunk. The viewer's hand reaches in and lifts the cold can into view in close-up before lowering it again. The reflection of neon stripes ripples in the machine's glass. Steady first-person walking shot with a gentle natural sway."
1060,4,The first-person viewer resumes walking and turns into a slim covered passage where paper lanterns hang in a long line overhead. The viewer's pale hands swing gently at the edges of the frame. The lanterns paint the path warm orange. A black cat darts across the path ahead and disappears into a doorway. Steady first-person walking shot with a gentle natural sway.
1060,5,"The first-person viewer emerges from the covered passage into a quieter side street where the neon is sparser and a wide, dark river runs along one side beneath low lamps. The viewer's pale hands lift the cold can to take a slow sip; the can tilts in close foreground. The river reflects scattered streetlights in long calm bars. Steady first-person walking shot with a gentle natural sway, gradually pulling forward to face the river."
1061,0,"First-person view from someone trekking slowly through a dense bamboo forest at midday. The viewer's tanned hands occasionally swing into the bottom of the frame, palms half-curled. Tall green bamboo stalks rise on every side in vertical green columns and high cool light filters down in pale shafts. The viewer's footsteps crunch softly on dry bamboo leaves. A faint wind hisses high in the canopy. Steady first-person walking shot with a slow, natural sway."
1061,1,"The first-person viewer continues along a narrow path and lifts a tanned hand into the frame to brush aside a low-hanging bamboo leaf. The leaf rakes briefly across the top of the lens. The viewer's hand drops back out of frame. Around them, the bamboo creaks gently in a fresh breeze. Steady first-person walking shot with a slow, natural sway."
1061,2,"The first-person viewer arrives at a small wooden footbridge spanning a clear stream. The viewer's tanned hands grip the rough wooden rails briefly as they step onto the bridge. Each board flexes faintly underfoot. The bamboo on the far side rises even taller and denser. Steady first-person walking shot with a slow, natural sway."
1061,3,"The first-person viewer pauses on the bridge and lifts both tanned hands to cup a little stream water from the rail's underside. The water glints in the cool light. The viewer's hands tilt to let it spill back through their fingers. The lens dips briefly toward the moving stream. Steady first-person walking shot with a slow, natural sway."
1061,4,"The first-person viewer steps off the far end of the bridge and follows the path up a short flight of stone steps cut into the slope. The viewer's tanned hand briefly enters the frame to steady against a bamboo stalk for balance. The high light shafts now angle from the right. The bamboo presses closer on either side. Steady first-person walking shot with a slow, natural sway."
1061,5,"The first-person viewer crests the top of the steps and emerges into a small clearing where the bamboo opens around a moss-covered stone lantern. The viewer's tanned hands rest briefly at their sides at the edge of frame as they stop. The lens lifts to take in the lantern and the gentler light. The wind moves the bamboo behind in a long slow exhale. Steady first-person walking shot with a slow, natural sway, ending in a gentle stop."
1062,0,First-person view from someone riding a vintage city bicycle slowly through a quiet Parisian quarter at golden hour. The viewer's pale hands grip the worn leather drop bars at the bottom of the frame. Honey-colored light slants down between Haussmannian buildings and warms the cobblestones ahead. A small wicker basket on the handlebars holds a baguette and a folded newspaper. Steady first-person cycling shot with a small natural bob from the road.
1062,1,The first-person viewer rolls past a corner café where round wicker chairs are turned out toward the street. The viewer's left hand lifts off the drop bars briefly to wave at a waiter in a long white apron. The hand drops back down to grip the bars. The wicker basket sways with the small turn. Steady first-person cycling shot with a small natural bob from the road.
1062,2,The first-person viewer turns down a quieter side street paved in old stone and lined with iron balconies. The viewer's pale hands squeeze the brakes lightly as the bicycle slows for a pothole. The wicker basket dips and rights itself. A pair of pigeons lifts up from a windowsill ahead. Steady first-person cycling shot with a small natural bob from the road.
1062,3,The first-person viewer pedals across a small triangular square where a marble fountain runs softly in the center. The viewer's pale hand lifts off the bars to point at the fountain as if for an unseen companion. The bicycle's frame creaks slightly. The wicker basket settles back into place. Steady first-person cycling shot with a small natural bob from the road.
1062,4,The first-person viewer pedals across an arched stone bridge over a slow green canal. The viewer's pale hands grip the drop bars firmly as the bike rolls over the slight crown of the bridge. A wine bottle in the wicker basket clinks gently against the baguette. The honey-colored light glances off the canal water. Steady first-person cycling shot with a small natural bob from the road.
1062,5,"The first-person viewer rolls off the bridge onto a wide tree-lined boulevard and slows the bicycle to coast under a green canopy of plane trees. The viewer's pale hands relax on the drop bars. The wicker basket sways gently as the pedals stop. The boulevard ahead glows with the deepest gold of the dying afternoon. Steady first-person cycling shot with a small natural bob from the road, gradually slowing."
1063,0,"First-person view from someone walking slowly through an abandoned hospital corridor at night, holding a battered flashlight that casts a tight white cone ahead. The viewer's gloved hand grips the flashlight at the bottom of the frame, knuckles paled by the grip. Peeling green walls and a long-dead overhead light line stretch into the dark. The viewer's footsteps echo softly on cracked linoleum. Faint chirping cicadas leak in from broken windows. Steady first-person walking shot with a slow, careful sway."
1063,1,"The first-person viewer pauses outside a doorway where the door hangs off one hinge. The gloved hand lifts the flashlight to play the beam slowly across the empty room beyond. The cone sweeps over an overturned wheeled cart and a rusted IV stand. The viewer's other gloved hand briefly enters the frame to touch the door frame. Steady first-person walking shot with a slow, careful sway."
1063,2,"The first-person viewer steps past the doorway and continues down the corridor. The gloved hand keeps the flashlight beam aimed low and steady. The viewer's breath fogs in the cold air at the bottom edge of the frame. A loose ceiling tile creaks somewhere overhead. Steady first-person walking shot with a slow, careful sway."
1063,3,"The first-person viewer reaches an intersection of corridors marked by a faded green exit sign. The gloved hand swings the flashlight beam first left, then right, then forward. The viewer's free gloved hand enters the frame to wipe a fogged-up patch on what is implied to be a face shield. The corridor on the left looks darker than the others. Steady first-person walking shot with a slow, careful sway."
1063,4,"The first-person viewer turns left into the darker corridor. The flashlight beam tightens visibly in the gloved hand. The viewer's footsteps slow. The beam catches briefly on a row of hospital beds stripped to their bare frames against one wall. The other gloved hand briefly steadies against the corridor wall. Steady first-person walking shot with a slow, careful sway."
1063,5,"The first-person viewer arrives at a tall double door at the end of the corridor, marked with a long-faded biohazard sticker. The gloved hand lifts the flashlight and the beam steadies on the metal handles. The viewer's other gloved hand reaches out into the frame and grips one handle without yet pulling. The cone of light pools against the metal. Steady first-person walking shot ending in a slow, careful stop at the door."
1070,0,"A small white fishing boat with a single red stripe along its hull and a blue tarp covering its stern motors slowly out of a Greek island harbor at midmorning. Seen from a drone high above, the boat traces a clean V wake across the deep turquoise water. White-washed houses with blue domes cluster along the harbor's curve. The boat heads outward toward open sea. Top-down aerial tracking shot following the boat from high overhead."
1070,1,"The white fishing boat with the red stripe and blue tarp rounds the outer breakwater of the harbor and angles south along the coast. The wake widens behind it in a long pale tail. Seen from above, two crewmembers in dark shirts move on the open foredeck. A small pod of dolphins arcs through the water ahead of the bow. Top-down aerial tracking shot following the boat from high overhead."
1070,2,The white fishing boat with the red stripe and blue tarp passes between two tiny rocky islets crowned with green scrub. The water around the islets is paler and lit through to the rippled sand below. The boat's wake bends gently in a long curve. The drone holds steady at altitude as the boat threads between the rocks. Top-down aerial tracking shot following the boat from high overhead.
1070,3,"The white fishing boat with the red stripe and blue tarp slows over a darker patch of water indicating a reef below. From above, the crew is visible lowering a long net over the stern. The blue tarp flaps slightly as a crewmember steps onto it. The boat circles slowly as it works. Top-down aerial tracking shot following the boat from high overhead."
1070,4,"The white fishing boat with the red stripe and blue tarp resumes its course after hauling in the net, the crew moving along the deck to stow the catch. The wake straightens out again behind the boat. From above, scales glint briefly on the foredeck. The blue tarp is now folded back to one side. Top-down aerial tracking shot following the boat from high overhead."
1070,5,The white fishing boat with the red stripe and blue tarp heads back toward the harbor as the sun climbs higher. The wake stretches long and pale toward the bright cluster of houses on the curve of the bay. The blue tarp has been re-spread over the stern. Smaller boats begin to move out as the fishing boat returns. Top-down aerial tracking shot pulling back gradually to include the full harbor and the boat returning to it.
1071,0,"A solo marathon runner in a bright red singlet and white shorts jogs steadily along a long, empty desert highway under a flat blue sky. Seen from a drone tracking high behind her, her shadow stretches long and thin to the right. A small black water belt circles her waist. The asphalt highway runs straight to a hazy horizon, with cracked salt pans on either side. Aerial tracking shot following her from behind and high above."
1071,1,"The marathon runner in the red singlet and white shorts passes a faded green mile marker on the right shoulder of the highway. From above, her stride remains long and even. The black water belt bounces gently at her hip. A jackrabbit darts off the pavement into the salt pan as she approaches. Aerial tracking shot following her from behind and high above."
1071,2,"The marathon runner in the red singlet and white shorts reaches a long, gentle bend in the highway and her path begins to curve across the drone's frame. She pulls a small bottle from the black water belt, drinks, and re-clips it without breaking stride. The red singlet is a clean bright spot against the pale highway. Aerial tracking shot following her from behind and high above."
1071,3,"The marathon runner in the red singlet and white shorts crosses a small dry wash where a culvert passes beneath the highway. From above, her shadow flicks briefly into the dry channel. The black water belt rides steady. A few thin clouds slide in across the formerly empty sky. Aerial tracking shot following her from behind and high above."
1071,4,"The marathon runner in the red singlet and white shorts begins a long, low rise where the highway tips slightly upward. Her pace slows just enough to be visible from above as her shadow shortens against the higher angle. The red singlet flares brighter against the asphalt. The black water belt rocks side to side. Aerial tracking shot following her from behind and high above."
1071,5,"The marathon runner in the red singlet and white shorts crests the rise and the highway falls away ahead of her into a wide, glowing salt flat that catches the climbing sun. Her stride lengthens again on the descent. The red singlet shines like a beacon against the pale flat. The black water belt steadies into smooth rhythm. Aerial tracking shot pulling back to include the wide salt flat and the small running figure."
1072,0,"A lean chestnut horse with a white blaze and four white socks gallops along the grassy top of a coastal cliff at midmorning. Seen from a drone tracking above and to the side, the horse's dark mane streams behind it. Below the cliff, the ocean spreads out in deep slate-blue with long white lines of breaking surf. The horse's path runs parallel to the cliff edge through bright green grass. Aerial tracking shot keeping pace from above and slightly to the side."
1072,1,"The chestnut horse with the white blaze and four white socks rounds a gentle headland where the cliff curves inland. Its hooves throw small clods of green turf behind it. From above, the white socks flash with the rhythm of the gallop. The wind pushes the mane sideways across the horse's neck. Aerial tracking shot keeping pace from above and slightly to the side."
1072,2,"The chestnut horse with the white blaze and four white socks crosses a low wooden gate that has been left open in a sheep fence. The horse barely breaks stride. From above, the wood of the gate shows weathered gray against the green grass. The white blaze is briefly visible from overhead as the horse tosses its head. Aerial tracking shot keeping pace from above and slightly to the side."
1072,3,"The chestnut horse with the white blaze and four white socks slows to a canter as the cliff opens into a wide grassy plateau dotted with low gorse. From above, the chestnut coat shines warm against the green. The horse's mane settles slightly with the slower pace. A sea fog clings to the cliff edge just out from the plateau. Aerial tracking shot keeping pace from above and slightly to the side."
1072,4,"The chestnut horse with the white blaze and four white socks lifts into a full gallop again across the plateau toward a single windswept tree. The white socks blur on the bright green. From above, the horse's shadow extends long and dark ahead of it. The mane streams flat to one side. Aerial tracking shot keeping pace from above and slightly to the side."
1072,5,"The chestnut horse with the white blaze and four white socks slows and stops near the lone tree at the cliff's farthest point. From above, the horse's chest heaves visibly. The white socks plant firmly in the grass. The horse turns its head toward the open sea, mane settling, and the cliff drops away to surf far below. Aerial tracking shot pulling back to include the cliff, the tree, and the open sea behind the horse."
1073,0,"A single canoe paddler in a wide-brimmed straw hat and a pale gray rain jacket steers a small green wooden canoe slowly along a narrow black-water swamp channel at midmorning. Seen straight down from a drone, the canoe is a small green sliver gliding among the dark, mirror-like water and floating mats of duckweed. Cypress trees crowd the channel on either side. Top-down aerial tracking shot following the canoe directly overhead."
1073,1,"The paddler in the straw hat and gray rain jacket guides the green canoe around a half-submerged cypress knee that breaks the water's surface. From above, the canoe leaves only the faintest ripple. The straw hat is the brightest point in the frame, a pale circle against the dark water. The paddle dips on the right side of the canoe. Top-down aerial tracking shot following the canoe directly overhead."
1073,2,"The paddler in the straw hat and gray rain jacket steers the green canoe under a long, low branch that the drone briefly tracks around. The straw hat dips as the paddler ducks slightly. From above, Spanish moss hangs in tangled veils on either side of the channel. The canoe slips clear of the branch. Top-down aerial tracking shot following the canoe directly overhead."
1073,3,"The paddler in the straw hat and gray rain jacket pauses the paddle to let the canoe drift through a wider, mirror-still patch of water. From above, the canoe and its faint reflection float as one. The straw hat tilts up briefly as the paddler watches a heron lift off ahead. The duckweed parts in a slow widening V. Top-down aerial tracking shot following the canoe directly overhead."
1073,4,"The paddler in the straw hat and gray rain jacket resumes paddling, the green canoe accelerating gently along a curve in the channel. The paddle alternates from one side to the other in steady rhythm. From above, the straw hat shifts slightly with each stroke. The cypress trees thin out somewhat along this stretch. Top-down aerial tracking shot following the canoe directly overhead."
1073,5,"The paddler in the straw hat and gray rain jacket steers the green canoe out of the channel into a wider open pond fringed by water lilies. From above, the canoe slows in the center of the pond and the paddler shifts the paddle across their lap. The straw hat tilts back to take in the wider sky. The black water around the canoe ripples gently outward. Top-down aerial tracking shot pulling back to include the full pond around the small canoe."
1080,0,"A young cartographer in a beige fishing vest, brown corduroy trousers, and a wide-brimmed canvas hat steps out onto a coastal trail in the cool blue light just before dawn. A leather-bound sketchbook is tucked under his left arm and a small brass compass swings on a cord at his chest. The sea below the trail is a flat sheet of silver-blue and a faint mist drifts in low along the path. Medium tracking shot at chest height keeping pace beside him."
1080,1,"The cartographer in the beige fishing vest and canvas hat walks along the trail as the eastern horizon turns warm rose at dawn. He stops briefly to lift the brass compass off his chest and check it, then resumes walking. The leather-bound sketchbook stays under his arm. The sea below begins to take on a soft pink shimmer. Medium tracking shot at chest height keeping pace beside him."
1080,2,"The cartographer in the beige fishing vest and canvas hat rounds a headland in clear mid-morning sun, the light now hard and white off the sea. He pauses to open the leather-bound sketchbook on a flat rock and sketch the bend of the coast. The brass compass dangles forward as he leans. The canvas hat shades his face from the climbing sun. Medium tracking shot at chest height keeping pace beside him."
1080,3,"The cartographer in the beige fishing vest and canvas hat continues along the trail under the harsh, vertical light of solar noon. The trail dust is bright and the sea below is a deep, hard blue. He drinks briefly from a canteen at his hip without slowing. The leather-bound sketchbook is now closed under his arm. Medium tracking shot at chest height keeping pace beside him."
1080,4,The cartographer in the beige fishing vest and canvas hat walks the trail again as the sun lowers and the light deepens into amber. His shadow stretches long behind him and the brass compass glows warm at his chest. The leather-bound sketchbook is open again under his arm and he is sketching as he walks. The sea has gone honey-gold below. Medium tracking shot at chest height keeping pace beside him.
1080,5,"The cartographer in the beige fishing vest and canvas hat reaches a high overlook on the trail well after sunset, where he lights a small brass hurricane lantern. The lantern paints him in warm orange against the deep blue of the night sea. The leather-bound sketchbook is closed and clutched against him. The brass compass glints once in the lantern light. Medium tracking shot at chest height pulling back slightly to include the lantern's glow and the dark sea."
1081,0,A young Buddhist monk in saffron robes with a shaved head and small wooden prayer beads at his wrist walks slowly along a stone path through a temple complex in the pale blue hour before sunrise. A simple cloth almsbowl hangs at his side from a woven strap. Pagodas rise against the lavender sky around him and the air is still and cool. His bare feet step quietly on the cold stones. Medium tracking shot keeping pace beside him at hip height.
1081,1,The monk in the saffron robes and wooden beads walks past the great bronze bell of the temple as the first true sunrise gilds the bell's rim. He bows to the bell briefly without slowing his pace. The cloth almsbowl rocks gently with the bow. The saffron of his robes brightens visibly in the new light. Medium tracking shot keeping pace beside him at hip height.
1081,2,"The monk in the saffron robes and wooden beads crosses a small wooden bridge in the mid-morning sun, where koi rise to the surface of the pond beneath. He pauses on the bridge and slips a handful of rice from the cloth almsbowl down to the fish. The wooden prayer beads click softly at his wrist. The light is warm and steady on his robes. Medium tracking shot keeping pace beside him at hip height."
1081,3,The monk in the saffron robes and wooden beads walks along a long covered walkway during the harsh midday heat. Strips of bright sun pour between the columns and paint his bare feet alternately gold and dark. The saffron of his robes glows in the stripes. The cloth almsbowl swings steadily at his side. Medium tracking shot keeping pace beside him at hip height.
1081,4,"The monk in the saffron robes and wooden beads circles a great central stupa as the late afternoon light deepens into bronze. He turns the small prayer wheels along the stupa's wall as he goes, the wooden beads clicking under his fingers. The cloth almsbowl rocks with his slow steps. His shadow grows longer with each circuit. Medium tracking shot keeping pace beside him at hip height."
1081,5,"The monk in the saffron robes and wooden beads returns to the temple's main hall well after dusk, where rows of small butter lamps now flicker. The saffron of his robes glows orange in the lamplight. He sets the cloth almsbowl gently down on a low stone step and bows to the hall. The wooden beads come to rest against his wrist. Medium tracking shot keeping pace beside him and pulling back slightly to include the rows of lamps."
1082,0,A wedding photographer in a slim black suit and white sneakers walks slowly down the main street of an old European town in the cool gray light just before dawn. A large mirrorless camera with a long lens hangs from a wide leather strap across his chest. His dark curly hair is unkempt and a small notebook pokes from his jacket pocket. The street is empty and the cobblestones are damp. Medium tracking shot at chest height beside him.
1082,1,The photographer in the black suit and white sneakers turns into a small piazza as the dawn light spreads pink across the surrounding stucco walls. He lifts the mirrorless camera and frames a low shot of a pigeon strutting across the empty stones. The small notebook tilts in his pocket. The white sneakers stand out brightly against the warming pavement. Medium tracking shot at chest height beside him.
1082,2,The photographer in the black suit and white sneakers walks under a long stone arcade in clear mid-morning sun. Café tables are being set out by aproned waiters and the mirrorless camera bounces gently against his chest. He nods at a waiter and snaps a quick shot of the sun cutting between two columns. The small notebook flips open and shut in his pocket as he moves. Medium tracking shot at chest height beside him.
1082,3,"The photographer in the black suit and white sneakers crosses a sun-baked open square in the harsh midday sun, his shadow short and sharp at his feet. He raises the mirrorless camera to shoot a child chasing pigeons by the central statue. The white sneakers reflect dazzling sun. The black suit pulls slightly at the shoulders as he frames the shot. Medium tracking shot at chest height beside him."
1082,4,"The photographer in the black suit and white sneakers walks along a tree-lined avenue at the deep amber light of golden hour. He lifts the mirrorless camera in slow, frequent bursts at the trunks of the trees backlit in honey light. The small notebook now rests open in his free hand, scrawled with quick notes. His curly hair glows warm in the slanting light. Medium tracking shot at chest height beside him."
1082,5,"The photographer in the black suit and white sneakers returns to the piazza after dark, where strings of small lights have been lit between buildings. He lowers the mirrorless camera at last to his hip and rests a hand on the strap. The white sneakers reflect tiny points of the festoon lights. He smiles tiredly at the small notebook before tucking it back into his pocket. Medium tracking shot at chest height pulling back slightly to include the lit piazza around him."
1083,0,"A wiry lighthouse keeper in a stiff yellow oilskin coat and a black wool cap walks slowly along a narrow clifftop path in the soft blue minutes before dawn. A small brass hand bell hangs from his belt and a battered tin lantern, currently unlit, swings in his left hand. The North Atlantic spreads gray and heaving below. A salty wind tugs at the oilskin's hood. Medium tracking shot at chest height keeping pace beside him."
1083,1,The lighthouse keeper in the yellow oilskin and black wool cap walks the clifftop path as the eastern sky turns molten orange with dawn. He pauses to lift the brass hand bell off his belt and give it one slow chime out toward the sea. The tin lantern is tucked under his arm now. The yellow oilskin glows brighter as the light climbs. Medium tracking shot at chest height keeping pace beside him.
1083,2,The lighthouse keeper in the yellow oilskin and black wool cap traverses the path in clear mid-morning sun. Whitecaps glint sharply on the heaving sea below. The brass hand bell sways quietly at his belt as he walks. The tin lantern swings in his hand again. He keeps a wary eye on a low band of cloud out at sea. Medium tracking shot at chest height keeping pace beside him.
1083,3,"The lighthouse keeper in the yellow oilskin and black wool cap walks the path again at sharp midday, the sun overhead and the wind stronger. He grips the brass hand bell briefly against his side to silence its swing. The tin lantern bumps his thigh with each gust. The yellow oilskin flaps loudly. Medium tracking shot at chest height keeping pace beside him."
1083,4,"The lighthouse keeper in the yellow oilskin and black wool cap walks the path in deep amber dusk, the lighthouse itself now visible ahead with its lamp just beginning to glow. He lights the tin lantern with a long match and a brief shield of his cap. The brass hand bell rings once with the lighting motion. The yellow oilskin shines bronze in the last sun. Medium tracking shot at chest height keeping pace beside him."
1083,5,"The lighthouse keeper in the yellow oilskin and black wool cap arrives at the base of the lighthouse well after dark, the tin lantern casting a small circle of warm yellow on the wet rock. The big lamp above sweeps its beam out to sea in a long, slow turn. The brass hand bell hangs silent at his belt. He looks up at the tower briefly before opening the iron door. Medium tracking shot at chest height pulling back slightly to include the foot of the lighthouse."
1090,0,"A young postal courier in a forest-green uniform and a brown leather mail satchel pedals a green vintage bicycle slowly along a coastal village's main road on a clear, calm morning. A canary in a tiny brass cage clipped to her handlebars sits chirping. Her dark hair is in a long braid that swings against her back. White-washed houses with red shutters line the road and the sea sparkles between them. Medium tracking shot at her shoulder height beside the bicycle."
1090,1,The courier in the green uniform and leather satchel pedals on as the sky overhead begins to gray with fast-moving cloud. A first scatter of raindrops dots the road in dark coin-shapes. She nudges the small brass cage closer to the bicycle's frame to shield the canary. The brown leather satchel darkens slightly at its top. The braid begins to stick faintly to her uniform shoulder. Medium tracking shot at her shoulder height beside the bicycle.
1090,2,"The courier in the green uniform and leather satchel rides through a steady rain falling out of low, blue-gray sky. Sheets of water sluice along the gutters. She has pulled a clear plastic cover over the brown leather satchel and the canary's brass cage swings under a green oilcloth she has draped over it. The braid clings damply to her back. Medium tracking shot at her shoulder height beside the bicycle."
1090,3,The courier in the green uniform and leather satchel rolls into a stretch of dense sea fog where the rain has eased to fine drizzle. Houses on either side appear and dissolve in soft outlines. The brass cage's outline glows yellow through the green oilcloth from a tiny bicycle lamp. The leather satchel beads with small droplets. The braid drips quietly. Medium tracking shot at her shoulder height beside the bicycle.
1090,4,The courier in the green uniform and leather satchel emerges from the fog into a clearing where wind has begun to push the gray clouds apart in long ragged strips. She lifts the green oilcloth off the brass cage and the canary blinks at the brighter sky. The leather satchel begins to show pale dry patches again. The braid lifts in a stiff gust. Medium tracking shot at her shoulder height beside the bicycle.
1090,5,"The courier in the green uniform and leather satchel pedals along the road's final stretch under fresh, washed sunlight as steam rises faintly off the wet pavement. The canary in the brass cage sings loudly now in the clean air. The leather satchel is back to its warm dry brown. The braid has begun to dry in a soft frizz around her shoulder. Medium tracking shot at her shoulder height beside the bicycle, gradually pulling back to take in the sun-washed road."
1091,0,"A weather-beaten sheep herder in a heather-gray tweed cap and a long oiled-wax coat walks slowly across a wide moorland under clear, bright sun. A polished hawthorn crook is balanced against his right shoulder and a sturdy black-and-white border collie trots at his heel. His brown leather boots crunch on the dry heather. The moorland stretches to a low ridge of dark hills. Medium tracking shot at chest height keeping pace beside him."
1091,1,The herder in the tweed cap and oiled-wax coat continues across the moor as a rising wind begins to bend the longer grasses flat. He shifts the hawthorn crook into both hands as a brace against the gust. The collie's coat ripples and the dog presses closer to his knee. The tweed cap is yanked tighter on his head. The brown leather boots remain steady against the wind. Medium tracking shot at chest height keeping pace beside him.
1091,2,"The herder in the tweed cap and oiled-wax coat walks on through fine slanting drizzle that arrives with the wind. He pulls the brim of the tweed cap lower and the oiled-wax coat sheds the rain in beaded streaks. The hawthorn crook taps the wet ground for balance. The collie shakes itself once, droplets flying, then trots on. The brown leather boots darken in the wet. Medium tracking shot at chest height keeping pace beside him."
1091,3,The herder in the tweed cap and oiled-wax coat reaches the foot of the ridge as the drizzle thickens briefly into a passing squall. The hawthorn crook plants firmly with each step against the gusts. The collie's tail tucks low and the dog leans into his leg. The oiled-wax coat glistens nearly black with wet. Medium tracking shot at chest height keeping pace beside him.
1091,4,"The herder in the tweed cap and oiled-wax coat begins climbing the ridge as the squall passes east and a band of clearing sky races in from the west. Sunlight catches the wet heather in long bright streaks. The collie shakes itself again, more cheerfully, droplets flashing in the new sun. The hawthorn crook gleams. The brown leather boots steam faintly. Medium tracking shot at chest height keeping pace beside him."
1091,5,The herder in the tweed cap and oiled-wax coat crests the ridge as a wide double rainbow arcs over the moor behind him. The collie sits at his heel and looks back across the heather. The hawthorn crook plants between his boots and he leans on it with both hands. The tweed cap drips one last drop. The oiled-wax coat glows in the clear new light. Medium tracking shot at chest height pulling back to include the moor and the rainbow.
1092,0,"A tall surfer in a black neoprene wetsuit with a vivid orange stripe down the side walks barefoot along a wide, glass-still beach at dawn. His shoulder-length hair is bleached pale by the sun and a battered white surfboard tucked under his right arm. The sea ahead is mirror-flat under a soft pearl sky. His breath plumes faintly in the cool air. Medium tracking shot at hip height beside him along the wet sand."
1092,1,The surfer in the black wetsuit with the orange stripe pauses as a fast bank of dark squall cloud rolls in over the headland to the south. The first scatter of fat raindrops pocks the sand. He tightens his grip on the white surfboard. The wind lifts a few strands of his bleached hair across his face. Whitecaps begin to crease the formerly mirror sea. Medium tracking shot at hip height beside him along the wet sand.
1092,2,The surfer in the black wetsuit with the orange stripe walks faster now under the open squall as rain comes down in driving sheets. The white surfboard rocks against his ribs with each long stride. His bleached hair is plastered against his cheek and the orange stripe along his wetsuit shines wet and bright. The sea has gone churned gray-green with whitecaps. Medium tracking shot at hip height beside him along the wet sand.
1092,3,"The surfer in the black wetsuit with the orange stripe reaches the water's edge as the storm peaks, with wind-whipped surf piling up the beach in foaming ranks. He plants the tail of the white surfboard into the sand and braces against a gust. His bleached hair whips sideways. The orange stripe slashes brightly against the gray. Medium tracking shot at hip height beside him along the wet sand."
1092,4,"The surfer in the black wetsuit with the orange stripe stands in the dying tail of the storm as the wind drops and the rain softens to a fine, sparkling drizzle. He lifts the white surfboard back under his arm and walks forward into the shallows. The bleached hair clings in wet ropes around his neck. The orange stripe shines wet but is bright again under returning light. Medium tracking shot at hip height beside him along the wet sand."
1092,5,The surfer in the black wetsuit with the orange stripe wades out into a sea that has gone glassy again in the storm's wake. The sun cuts low through breaking cloud and lays a band of gold across the water. He drops onto the white surfboard and begins to paddle outward. The bleached hair drips slowly. The orange stripe is the brightest color in the frame. Medium tracking shot at hip height pulling back to include the gold-glazed sea around him.
1093,0,"A lean alpine climber in a vivid red shell jacket and slate-blue technical pants moves slowly across a high snowfield in clear midmorning sun. He carries a coiled blue rope across his chest and a single ice axe in his right hand. The snow is firm under his crampons and the sky is a hard, clean cobalt. Distant peaks rise in glittering ranks around him. Medium tracking shot at chest height keeping pace beside him."
1093,1,The climber in the red shell jacket and slate-blue pants reaches the saddle between two peaks as a thick wall of cloud begins to pour in from the west. The coiled blue rope shifts against his ribs as he turns to read the incoming weather. The ice axe rests against his thigh. His expression hardens with focus. Medium tracking shot at chest height keeping pace beside him.
1093,2,The climber in the red shell jacket and slate-blue pants moves into the front of the cloud bank as visibility collapses to a few meters of swirling white. He keeps the ice axe ready in his right hand and pays out the coiled blue rope to a partner unseen in the gloom. The red shell jacket is the only color in the cotton-white world. Medium tracking shot at chest height keeping pace beside him.
1093,3,The climber in the red shell jacket and slate-blue pants pushes on as the cloud darkens and the first snow begins to drive in sideways. The blue rope is half-uncoiled across his shoulders now. The ice axe stabs into the firmer crust with each step. His hood is up and his face is barely visible in the lee. Medium tracking shot at chest height keeping pace beside him.
1093,4,"The climber in the red shell jacket and slate-blue pants reaches a snowy bench beneath an overhanging rock as the storm pulses through its hardest minutes. He braces in the lee with the ice axe planted between his boots. The coiled blue rope is back across his chest, fresh snow plastering its turns. The red shell jacket is the only warm color in the world. Medium tracking shot at chest height keeping pace beside him."
1093,5,"The climber in the red shell jacket and slate-blue pants emerges from the bench as the storm breaks open into bluebird sky and the snowfield ahead glitters in fresh, untouched powder. He pushes back his hood and the coiled blue rope rests easy on his chest again. The ice axe swings lightly in his hand. His expression eases at last into open relief. Medium tracking shot at chest height pulling back to include the bright peaks revealed beyond him."


